item_name,sale_type,category,price,notes
BALOZI CAN 500ML,can,Bottled & Canned,300,Direct resale item
BLACK & WHITE 1000ML,bottle,Bottles,2300,Full bottle sale
BLACK & WHITE 30ML,30 ML,Shots,100,Measured sale from 750ML source
BLACK & WHITE 750ML,bottle,Bottles,1800,Full bottle sale
Black Ice,can,Bottled & Canned,300,Direct resale item
BLACK LABEL 1000ML,bottle,Bottles,5500,Full bottle sale
BLACK LABEL 30ML,30 ML,Shots,250,Measured sale from 1000ML source
CAMINO CLEAR 30ML,30 ML,Shots,200,Measured sale from 750ML source
CAMINO CLEAR 750ML,bottle,Bottles,3500,Full bottle sale
CAPRICE SWEET,bottle,Bottled & Canned,0,Direct resale item
CAPTAIN MORGAN GOLD 250ML,bottle,Bottles,750,Full bottle sale
CAPTAIN MORGAN GOLD 30ML,30 ML,Shots,100,Measured sale from 750ML source
CAPTAIN MORGAN GOLD 750ML,bottle,Bottles,1500,Full bottle sale
CAPTAIN MORGAN SPICE 30ML,30 ML,Shots,100,Measured sale from 750ML source
CAPTAIN MORGAN SPICE 750ML,bottle,Bottles,1500,Full bottle sale
CC LEMON,bottle,Bottled & Canned,80,Direct resale item
CHROME GIN 250ML,bottle,Bottles,350,Full bottle sale
COUNTY 30ML,30 ML,Shots,70,Measured sale from 750ML source
COUNTY 750ML,bottle,Bottles,1000,Full bottle sale
GILBEYS GIN 30ML,30 ML,Shots,100,Measured sale from 750ML source
GILBEYS GIN 750ML,bottle,Bottles,1800,Full bottle sale
GORDON AND TONIC,can,Bottled & Canned,300,Direct resale item
GORDON'S GIN 1000ML,bottle,Bottles,0,Full bottle sale
GORDON'S GIN 30ML,30 ML,Shots,0,Measured sale from 750ML source
GORDON'S GIN 750ML,bottle,Bottles,0,Full bottle sale
Guarana,can,Bottled & Canned,300,Direct resale item
GUINNESS CAN 500ML,can,Bottled & Canned,300,Direct resale item
HEINEKEN BOTTLE 330ML,bottle,Bottled & Canned,350,Direct resale item
HEINEKEN CAN 500ML,can,Bottled & Canned,350,Direct resale item
HENNESSY 1000ML,bottle,Bottles,0,Full bottle sale
HUMPTON 750ML,bottle,Bottles,0,Full bottle sale
HUNTERS CHOICE 30ML,30 ML,Shots,70,Measured sale from 750ML source
HUNTERS CHOICE 350ML,bottle,Bottled & Canned,750,Direct resale item
HUNTERS CHOICE 750ML,bottle,Bottles,1400,Full bottle sale
HUNTERS DRY 330ML,bottle,Bottled & Canned,0,Direct resale item
HUNTERS GOLD 330ML,bottle,Bottled & Canned,0,Direct resale item
JACK DANIELS 1000ML,bottle,Bottles,0,Full bottle sale
JACK DANIELS 30ML,30 ML,Shots,250,Measured sale from 700ML source
JACK DANIELS 700ML,bottle,Bottles,5500,Full bottle sale
JAGERMEISTER 30ML,30 ML,Shots,0,Measured sale from 750ML source
JAGERMEISTER 750ML,bottle,Bottles,0,Full bottle sale
JAMESON 1000ML,bottle,Bottles,0,Full bottle sale
JAMESON 30ML,30 ML,Shots,0,Measured sale from 1000ML source
JOHN BARR 30ML,30 ML,Shots,100,Measured sale from 750ML source
JOHN BARR 750ML,bottle,Bottles,0,Full bottle sale
JOSE CUERVO GOLD 1000ML,bottle,Bottles,4500,Full bottle sale
JOSE CUERVO GOLD 30ML,30 ML,Shots,200,Measured sale from 750ML source
JOSE CUERVO GOLD 750ML,bottle,Bottles,3500,Full bottle sale
JOSE CUERVO SILVER 30ML,30 ML,Shots,200,Measured sale from 750ML source
JOSE CUERVO SILVER 750ML,bottle,Bottles,3500,Full bottle sale
KENYA CANE SMOOTH 30ML,30 ML,Shots,70,Measured sale from 750ML source
KENYA CANE SMOOTH 750ML,bottle,Bottles,900,Full bottle sale
KIBAO VODKA 250ML,bottle,Bottles,0,Full bottle sale
KO,bottle,Bottled & Canned,300,Direct resale item
KONYAGI 250ML,bottle,Bottles,450,Full bottle sale
KONYAGI 30ML,30 ML,Shots,70,Measured sale from 750ML source
KONYAGI 750ML,bottle,Bottles,1200,Full bottle sale
MALIBU 30ML,30 ML,Shots,150,Measured sale from 750ML source
MALIBU 750ML,bottle,Bottles,3000,Full bottle sale
MANYATTA,bottle,Bottled & Canned,350,Direct resale item
MARTELL 30ML,30 ML,Shots,400,Measured sale from 750ML source
MARTELL 750ML,bottle,Bottles,11000,Full bottle sale
ORIJIN,bottle,Bottled & Canned,350,Direct resale item
PREDATORS,bottle,Bottled & Canned,100,Direct resale item
RED BULL,can,Bottled & Canned,250,Direct resale item
RED DRY WINE 150ML,150 ML,Wines,300,Measured wine sale from 750ML bottle
RED LABEL 1000ML,bottle,Bottles,0,Full bottle sale
RED LABEL 30ML,30 ML,Shots,0,Measured sale from 1000ML source
RED SWEET WINE 150ML,150 ML,Wines,300,Measured wine sale from 750ML bottle
SAVANAH,bottle,Bottled & Canned,350,Direct resale item
SHERIDAN'S 30ML,30 ML,Shots,250,Measured sale from 750ML source
SHERIDAN'S 750ML,bottle,Bottles,6500,Full bottle sale
Smirnoff Punch,can,Bottled & Canned,250,Direct resale item
SMIRNOFF VODKA 1000ML,bottle,Bottles,0,Full bottle sale
SMIRNOFF VODKA 30ML,30 ML,Shots,0,Measured sale from 750ML source
SMIRNOFF VODKA 350ML,bottle,Bottles,0,Full bottle sale
SMIRNOFF VODKA 750ML,bottle,Bottles,0,Full bottle sale
SODA,bottle,Bottled & Canned,100,Direct resale item
TANQUERAY 1000ML,bottle,Bottles,0,Full bottle sale
TANQUERAY 30ML,30 ML,Shots,0,Measured sale from 1000ML source
TONIC WATER,bottle,Bottled & Canned,100,Direct resale item
TUSKER CIDER CAN 500ML,can,Bottled & Canned,300,Direct resale item
TUSKER LAGER CAN 500ML,can,Bottled & Canned,300,Direct resale item
TUSKER LITE CAN 500ML,can,Bottled & Canned,350,Direct resale item
TUSKER MALT CAN 500ML,can,Bottled & Canned,0,Direct resale item
WHITE CAP CAN 500ML,can,Bottled & Canned,300,Direct resale item
WHITE DRY WINE 150ML,150 ML,Wines,300,Measured wine sale from 750ML bottle
WHITE SWEET WINE 150ML,150 ML,Wines,300,Measured wine sale from 750ML bottle
WHITECUP CRISP,can,Bottled & Canned,350,Direct resale item
RASBERRY,,Bottled & Canned,250,Direct resale item
DESPARADO,can,Bottled & Canned,400,Direct resale item
CHROME VODKA 250ML,can,Bottled & Canned,350,Direct resale item
LEMONADE,can,Bottled & Canned,80,Direct resale item
COUNTY 250ML,bottle,Bottled & Canned,400,Direct resale item
KONYAGI 500ML,bottle,Bottled & Canned,450,Direct resale item
VICEROY 750ML,bottle,Bottled & Canned,1600,Full bottle sale
GRANTS 750ML,bottle,Bottled & Canned,2400,Full bottle sale
